,Value,Size,Type,Bind,Vis,Ndx,Name
,00102180,4,OBJECT,LOCAL,DEFAULT,1,blkdev_list
,00102184,1024,OBJECT,LOCAL,DEFAULT,1,g_usb_input_buf
,00102584,1024,OBJECT,LOCAL,DEFAULT,1,g_usb_output_buf
,00102984,1,OBJECT,GLOBAL,DEFAULT,1,g_da_verified
,00102985,32,OBJECT,LOCAL,DEFAULT,1,g_I2C_CmdBuf
,001029a8,4,OBJECT,LOCAL,DEFAULT,1,dlcomport
,001029ac,32,OBJECT,LOCAL,DEFAULT,1,g_I2C_DataBuf
,001029cc,4,OBJECT,GLOBAL,DEFAULT,1,opt_tx_dqs
,001029d0,16,OBJECT,GLOBAL,DEFAULT,1,opt_tx_dq
,001029e0,4,OBJECT,GLOBAL,DEFAULT,1,opt_tx_dqm
,001029e4,4,OBJECT,GLOBAL,DEFAULT,1,opt_rx_dqs0
,001029e8,4,OBJECT,GLOBAL,DEFAULT,1,RANK_CURR
,001029ec,4,OBJECT,GLOBAL,DEFAULT,1,opt_rx_dqs1
,001029f0,64,OBJECT,GLOBAL,DEFAULT,1,dle_result
,00102a30,4,OBJECT,LOCAL,DEFAULT,1,global_dle_value
,00102a34,4,OBJECT,GLOBAL,DEFAULT,1,opt_gw_fine_value1
,00102a38,12,OBJECT,LOCAL,DEFAULT,1,max_pwin
,00102a44,4,OBJECT,LOCAL,DEFAULT,1,dqs_gw_fine
,00102a48,4,OBJECT,GLOBAL,DEFAULT,1,opt_gw_coarse_value
,00102a4c,4,OBJECT,GLOBAL,DEFAULT,1,opt_gw_fine_value
,00102a50,4,OBJECT,GLOBAL,DEFAULT,1,high_score
,00102a54,4,OBJECT,GLOBAL,DEFAULT,1,opt_gw_coarse_value0
,00102a58,4,OBJECT,GLOBAL,DEFAULT,1,score
,00102a5c,4,OBJECT,GLOBAL,DEFAULT,1,opt_gw_coarse_value1
,00102a60,128,OBJECT,LOCAL,DEFAULT,1,dqs_gw
,00102ae0,4,OBJECT,LOCAL,DEFAULT,1,dqs_gw_coarse
,00102ae4,12,OBJECT,LOCAL,DEFAULT,1,cur_pwin
,00102af0,4,OBJECT,GLOBAL,DEFAULT,1,opt_gw_fine_value0
,00102af4,4,OBJECT,LOCAL,DEFAULT,1,g_meta_ready_start_time
,00102af8,8,OBJECT,LOCAL,DEFAULT,1,g_addr_trans_tbl
,00102b00,40,OBJECT,LOCAL,DEFAULT,1,g_mmc_bdev
,00102b28,8,OBJECT,GLOBAL,DEFAULT,1,g_emmc_size
,00102b30,144,OBJECT,LOCAL,DEFAULT,1,g_emmc_addr_trans
,00102bc0,1456,OBJECT,LOCAL,DEFAULT,1,sd_card
,00103170,192,OBJECT,LOCAL,DEFAULT,1,sd_host
,00103230,224,OBJECT,LOCAL,DEFAULT,1,msdc_priv
,00103310,4,OBJECT,LOCAL,DEFAULT,1,found.1342
,00103314,22,OBJECT,LOCAL,DEFAULT,1,id
,0010332c,4,OBJECT,LOCAL,DEFAULT,1,fw_id_len
,00103330,4,OBJECT,GLOBAL,DEFAULT,1,pllc1_prediv_1_0_n1
,00103334,4,OBJECT,GLOBAL,DEFAULT,1,pllc1_fbksel_1_0_n3
,00103338,4,OBJECT,GLOBAL,DEFAULT,1,pllc1_postdiv_1_0_n5
,0010333c,4,OBJECT,GLOBAL,DEFAULT,1,g_charger_in_flag
,00103340,4,OBJECT,GLOBAL,DEFAULT,1,g_ret
,00103344,4,OBJECT,GLOBAL,DEFAULT,1,g_first_check
,00103348,4,OBJECT,LOCAL,DEFAULT,1,timestamp
,0010334c,4,OBJECT,LOCAL,DEFAULT,1,lastinc
,00103350,4,OBJECT,GLOBAL,DEFAULT,1,g_rgu_status
,00103354,4,OBJECT,LOCAL,DEFAULT,1,reboot_from
,00103358,4,OBJECT,LOCAL,DEFAULT,1,rgu_mode
,0010335c,4,OBJECT,LOCAL,DEFAULT,1,timeout
,00103360,4,OBJECT,LOCAL,DEFAULT,1,status.1238
,00103364,4,OBJECT,LOCAL,DEFAULT,1,XOSC
,00103368,4,OBJECT,GLOBAL,DEFAULT,1,set_address
,0010336c,4,OBJECT,LOCAL,DEFAULT,1,ep0_urb
,00103370,4,OBJECT,GLOBAL,DEFAULT,1,g_usb_port_state
,00103374,4,OBJECT,LOCAL,DEFAULT,1,udc_device
,00103378,4,OBJECT,GLOBAL,DEFAULT,1,ep0_state
,0010337c,4,OBJECT,GLOBAL,DEFAULT,1,g_usbphy_ok
,00103380,1052,OBJECT,GLOBAL,DEFAULT,1,mt6573_rx_urb
,0010379c,12,OBJECT,LOCAL,DEFAULT,1,mt_usb_config
,001037a8,1052,OBJECT,GLOBAL,DEFAULT,1,mt6573_ep0_urb
,00103bc4,28,OBJECT,LOCAL,DEFAULT,1,mt_usb_comm_alternate_int
,00103be0,112,OBJECT,LOCAL,DEFAULT,1,mt_usb_ep
,00103c50,4,OBJECT,GLOBAL,DEFAULT,1,usb_configured
,00103c54,4,OBJECT,GLOBAL,DEFAULT,1,usb_string_table
,00103c58,24,OBJECT,LOCAL,DEFAULT,1,usb_output_buffer
,00103c70,64,OBJECT,LOCAL,DEFAULT,1,commInterface
,00103cb0,46,OBJECT,LOCAL,DEFAULT,1,dataInterface
,00103ce0,8,OBJECT,LOCAL,DEFAULT,1,mt_usb_comm_interface
,00103ce8,1052,OBJECT,GLOBAL,DEFAULT,1,mt6573_tx_urb
,00104104,24,OBJECT,LOCAL,DEFAULT,1,usb_input_buffer
,0010411c,40,OBJECT,LOCAL,DEFAULT,1,mt_usb_device
,00104144,28,OBJECT,LOCAL,DEFAULT,1,mt_usb_data_alternate_int
,00104160,52,OBJECT,LOCAL,DEFAULT,1,configuration
,00104194,34,OBJECT,LOCAL,DEFAULT,1,product
,001041b6,18,OBJECT,LOCAL,DEFAULT,1,manufacturer
,001041c8,4,OBJECT,GLOBAL,DEFAULT,1,tool_exists
,001041cc,8,OBJECT,LOCAL,DEFAULT,1,mt_usb_interface
,001041d4,8,OBJECT,LOCAL,DEFAULT,1,mt_usb_data_interface
,001041e0,24,OBJECT,LOCAL,DEFAULT,1,tempart
,001041f8,3520,OBJECT,LOCAL,DEFAULT,1,lastest_part
,00104fb8,3520,OBJECT,LOCAL,DEFAULT,1,new_part
,00105d78,4096,OBJECT,GLOBAL,DEFAULT,1,page_readbuf
,00106d78,3040,OBJECT,GLOBAL,DEFAULT,1,lastest_part32
,00107958,4,OBJECT,GLOBAL,DEFAULT,1,g_boot_time
,0010795c,4,OBJECT,GLOBAL,DEFAULT,1,g_boot_mode
,00107960,3072,OBJECT,GLOBAL,DEFAULT,1,sys_stack
,00108560,4,OBJECT,GLOBAL,DEFAULT,1,g_boot_reason
,00108564,4,OBJECT,GLOBAL,DEFAULT,1,kpoc_flag
,00108568,4,OBJECT,GLOBAL,DEFAULT,1,g_meta_com_type
,0010856c,4,OBJECT,GLOBAL,DEFAULT,1,g_meta_com_id
,00108570,4,OBJECT,LOCAL,DEFAULT,1,g_log_disable
,00108574,512,OBJECT,GLOBAL,DEFAULT,1,g_SBC_PUBK
,00108774,8,OBJECT,GLOBAL,DEFAULT,1,sec_cfg_info
,0010877c,4,OBJECT,GLOBAL,DEFAULT,1,secroimg
,00108780,1,OBJECT,GLOBAL,DEFAULT,1,bDumpPartInfo
,00108784,4,OBJECT,GLOBAL,DEFAULT,1,g_cust
,00108788,4,OBJECT,GLOBAL,DEFAULT,1,g_sec_cfg
,0010878c,32,OBJECT,GLOBAL,DEFAULT,1,g_cust_name
,001087ac,4,OBJECT,GLOBAL,DEFAULT,1,g_sha1_time
,001087b0,4,OBJECT,LOCAL,DEFAULT,1,img_buf
,001087b4,4,OBJECT,LOCAL,DEFAULT,1,chunk_buf
,001087b8,4,OBJECT,LOCAL,DEFAULT,1,img_buf_current_allocated
,001087bc,92,OBJECT,GLOBAL,DEFAULT,1,rsa
,00108818,20,OBJECT,GLOBAL,DEFAULT,1,sha1sum
,0010882c,4,OBJECT,GLOBAL,DEFAULT,1,heap_current_alloc
,00108830,84,OBJECT,LOCAL,DEFAULT,1,sej_ctx
,120011fc,960,OBJECT,GLOBAL,DEFAULT,3,g_ROM_INFO
,12001700,152,FUNC,GLOBAL,DEFAULT,4,__udivsi3
,12001914,232,FUNC,GLOBAL,DEFAULT,5,virt_to_phys_addr
,120019fc,76,FUNC,GLOBAL,DEFAULT,6,blkdev_register
,12001a48,48,FUNC,GLOBAL,DEFAULT,7,blkdev_get
,12001a78,608,FUNC,GLOBAL,DEFAULT,8,blkdev_read
,12001cd8,688,FUNC,GLOBAL,DEFAULT,9,blkdev_write
,12001f88,124,FUNC,GLOBAL,DEFAULT,10,buf_input_init
,12002004,124,FUNC,GLOBAL,DEFAULT,11,buf_output_init
,12002080,104,FUNC,GLOBAL,DEFAULT,12,buf_pop
,120020e8,76,FUNC,GLOBAL,DEFAULT,13,buf_push
,12002134,4,FUNC,GLOBAL,DEFAULT,14,cust_part_init
,12002138,16,FUNC,GLOBAL,DEFAULT,15,cust_part_tbl
,12002148,72,FUNC,LOCAL,DEFAULT,16,uffs.part.0
,12002190,404,FUNC,GLOBAL,DEFAULT,17,device_APC_dom_setup
,12002324,32,FUNC,GLOBAL,DEFAULT,18,__div0
,12002344,52,FUNC,LOCAL,DEFAULT,19,usbdl_put_word
,12002378,68,FUNC,LOCAL,DEFAULT,20,usbdl_put_dword
,120023bc,68,FUNC,LOCAL,DEFAULT,21,usbdl_get_word
,12002400,92,FUNC,LOCAL,DEFAULT,22,usbdl_get_dword
,1200245c,188,FUNC,LOCAL,DEFAULT,23,usbdl_read16
,12002518,204,FUNC,LOCAL,DEFAULT,24,usbdl_write16
,120025e4,2408,FUNC,GLOBAL,DEFAULT,25,usbdl_handler
,12002f4c,348,FUNC,LOCAL,DEFAULT,26,calib_cmd_addr_output_dly
,120030a8,1680,FUNC,GLOBAL,DEFAULT,27,do_sw_rx_dq_dqs_calib
,12003738,1752,FUNC,GLOBAL,DEFAULT,28,do_sw_tx_dq_dqs_calib
,12003e10,664,FUNC,GLOBAL,DEFAULT,29,dramc_calib
,120040a8,172,FUNC,GLOBAL,DEFAULT,30,dramc_dma_test
,12004154,4,FUNC,GLOBAL,DEFAULT,31,ett_print_dle_before_each
,12004158,28,FUNC,GLOBAL,DEFAULT,32,ett_print_dle_after_each_
,12004174,4,FUNC,GLOBAL,DEFAULT,33,ett_calc_dle_opt_value
,12004178,24,FUNC,GLOBAL,DEFAULT,34,ett_print_dle_after_finis
,12004190,48,FUNC,GLOBAL,DEFAULT,35,ett_print_dle_before_star
,120041c0,244,FUNC,GLOBAL,DEFAULT,36,dle_factor_handler
,120042b4,164,FUNC,GLOBAL,DEFAULT,37,ett_print_dle_result
,12004358,128,FUNC,GLOBAL,DEFAULT,38,ett_print_dle_banner
,120043d8,296,FUNC,GLOBAL,DEFAULT,39,do_dle_calib
,12004500,4,FUNC,GLOBAL,DEFAULT,40,ett_print_dqs_gw_banner
,12004504,4,FUNC,GLOBAL,DEFAULT,41,ett_print_dqs_gw_before_s
,12004508,100,FUNC,GLOBAL,DEFAULT,42,ett_print_dqs_gw_before_e
,1200456c,4,FUNC,GLOBAL,DEFAULT,43,ett_print_dqs_gw_after_ea
,12004570,4,FUNC,GLOBAL,DEFAULT,44,ett_calc_dqs_gw_opt_value
,12004574,4,FUNC,GLOBAL,DEFAULT,45,ett_print_dqs_gw_fine_aft
,12004578,184,FUNC,GLOBAL,DEFAULT,46,dqsi_gw_dly_fine_factor_h
,12004630,256,FUNC,GLOBAL,DEFAULT,47,dqsi_gw_dly_coarse_factor
,12004730,216,FUNC,LOCAL,DEFAULT,48,ett_print_dqs_gw_result_1
,12004808,252,FUNC,GLOBAL,DEFAULT,49,ett_recursive_factor_tuni
,12004904,148,FUNC,GLOBAL,DEFAULT,50,dqsi_gw_dly_coarse_factor
,12004998,184,FUNC,GLOBAL,DEFAULT,51,dqsi_gw_dly_fine_factor_h
,12004a50,492,FUNC,GLOBAL,DEFAULT,52,Sequence_Read
,12004c3c,160,FUNC,GLOBAL,DEFAULT,53,Do_Read_Test_DDR3
,12004cdc,140,FUNC,GLOBAL,DEFAULT,54,Do_Read_Test_DDR2
,12004d68,532,FUNC,GLOBAL,DEFAULT,55,cpu_read_test
,12004f7c,600,FUNC,GLOBAL,DEFAULT,56,do_dqs_gw_calib_1
,120051d4,116,FUNC,GLOBAL,DEFAULT,57,mt_set_gpio_dir_chip
,12005248,248,FUNC,GLOBAL,DEFAULT,58,mt_set_gpio_pull_enable_c
,12005340,252,FUNC,GLOBAL,DEFAULT,59,mt_set_gpio_pull_select_c
,1200543c,216,FUNC,GLOBAL,DEFAULT,60,mt_set_gpio_mode_chip
,12005514,116,FUNC,GLOBAL,DEFAULT,61,mt_set_gpio_dir_ext
,12005588,116,FUNC,GLOBAL,DEFAULT,62,mt_set_gpio_pull_enable_e
,120055fc,116,FUNC,GLOBAL,DEFAULT,63,mt_set_gpio_pull_select_e
,12005670,164,FUNC,GLOBAL,DEFAULT,64,mt_set_gpio_mode_ext
,12005714,16,FUNC,GLOBAL,DEFAULT,65,mt_set_gpio_dir
,12005724,16,FUNC,GLOBAL,DEFAULT,66,mt_set_gpio_pull_enable
,12005734,16,FUNC,GLOBAL,DEFAULT,67,mt_set_gpio_pull_select
,12005744,16,FUNC,GLOBAL,DEFAULT,68,mt_set_gpio_mode
,12005754,88,FUNC,GLOBAL,DEFAULT,69,mt_gpio_set_power
,120057ac,4,FUNC,GLOBAL,DEFAULT,70,mt_gpio_init
,120057b0,4,FUNC,LOCAL,DEFAULT,71,uart_recv
,120057b4,48,FUNC,LOCAL,DEFAULT,72,uart_send
,120057e4,112,FUNC,GLOBAL,DEFAULT,73,uart_handshake_init
,12005854,488,FUNC,GLOBAL,DEFAULT,74,uart_handshake
,12005a3c,132,FUNC,LOCAL,DEFAULT,75,usb_recv
,12005ac0,36,FUNC,LOCAL,DEFAULT,76,usb_send
,12005ae4,1140,FUNC,GLOBAL,DEFAULT,77,usb_handshake
,12005f58,1224,FUNC,LOCAL,DEFAULT,78,bldr_cmd_handler
,12006420,92,FUNC,GLOBAL,DEFAULT,79,bldr_load_part
,1200647c,164,FUNC,GLOBAL,DEFAULT,80,bldr_jump
,12006520,620,FUNC,GLOBAL,DEFAULT,81,main
,1200678c,184,FUNC,LOCAL,DEFAULT,82,mmc_switch_part
,12006844,124,FUNC,LOCAL,DEFAULT,83,mmc_bwrite
,120068c0,124,FUNC,LOCAL,DEFAULT,84,mmc_bread
,1200693c,720,FUNC,GLOBAL,DEFAULT,85,mmc_init_device
,12006c0c,276,FUNC,GLOBAL,DEFAULT,86,mmc_get_device_id
,12006d20,64,FUNC,LOCAL,DEFAULT,87,unstuff_bits
,12006d60,48,FUNC,LOCAL,DEFAULT,88,mmc_cmd
,12006d90,112,FUNC,LOCAL,DEFAULT,89,mmc_send_if_cond
,12006e00,116,FUNC,LOCAL,DEFAULT,90,mmc_app_cmd
,12006e74,140,FUNC,LOCAL,DEFAULT,91,mmc_send_app_op_cond
,12006f00,148,FUNC,LOCAL,DEFAULT,92,mmc_send_op_cond
,12006f94,264,FUNC,LOCAL,DEFAULT,93,mmc_sd_switch.isra.0.cons
,1200709c,24,FUNC,GLOBAL,DEFAULT,94,mmc_get_host
,120070b4,24,FUNC,GLOBAL,DEFAULT,95,mmc_get_card
,120070cc,56,FUNC,GLOBAL,DEFAULT,96,mmc_go_idle
,12007104,84,FUNC,GLOBAL,DEFAULT,97,mmc_send_status
,12007158,68,FUNC,GLOBAL,DEFAULT,98,mmc_select_card
,1200719c,212,FUNC,GLOBAL,DEFAULT,99,mmc_switch
,12007270,120,FUNC,GLOBAL,DEFAULT,100,mmc_switch_hs
,120072e8,440,FUNC,GLOBAL,DEFAULT,101,mmc_read_ext_csd
,120074a0,44,FUNC,GLOBAL,DEFAULT,102,mmc_set_clock
,120074cc,340,FUNC,LOCAL,DEFAULT,103,mmc_dev_bwrite
,12007620,68,FUNC,GLOBAL,DEFAULT,104,mmc_set_card_detect
,12007664,92,FUNC,GLOBAL,DEFAULT,105,mmc_set_blk_length
,120076c0,480,FUNC,GLOBAL,DEFAULT,106,mmc_set_bus_width
,120078a0,292,FUNC,GLOBAL,DEFAULT,107,mmc_dev_bread
,120079c4,232,FUNC,GLOBAL,DEFAULT,108,mmc_block_read
,12007aac,232,FUNC,GLOBAL,DEFAULT,109,mmc_block_write
,12007b94,120,FUNC,GLOBAL,DEFAULT,110,mmc_stuff_buff
,12007c0c,400,FUNC,GLOBAL,DEFAULT,111,mmc_get_sandisk_fwid
,12007d9c,2436,FUNC,GLOBAL,DEFAULT,112,mmc_init_mem_card
,12008720,676,FUNC,GLOBAL,DEFAULT,113,mmc_init_card
,120089c4,40,FUNC,GLOBAL,DEFAULT,114,mmc_init_host
,120089ec,120,FUNC,GLOBAL,DEFAULT,115,mmc_init
,12008a64,76,FUNC,GLOBAL,DEFAULT,116,msdc_clr_fifo
,12008ab0,376,FUNC,LOCAL,DEFAULT,117,msdc_pin_pud.isra.1
,12008c28,92,FUNC,GLOBAL,DEFAULT,118,msdc_set_timeout
,12008c84,24,FUNC,GLOBAL,DEFAULT,119,msdc_set_blklen
,12008c9c,12,FUNC,GLOBAL,DEFAULT,120,msdc_set_blknum
,12008ca8,72,FUNC,GLOBAL,DEFAULT,121,msdc_reset
,12008cf0,52,FUNC,GLOBAL,DEFAULT,122,msdc_abort
,12008d24,28,FUNC,GLOBAL,DEFAULT,123,msdc_intr_wait
,12008d40,20,FUNC,GLOBAL,DEFAULT,124,msdc_intr_unmask
,12008d54,576,FUNC,GLOBAL,DEFAULT,125,msdc_send_cmd
,12008f94,340,FUNC,GLOBAL,DEFAULT,126,msdc_wait_rsp
,120090e8,304,FUNC,GLOBAL,DEFAULT,127,msdc_pio_read_word
,12009218,36,FUNC,GLOBAL,DEFAULT,128,msdc_pio_read
,1200923c,256,FUNC,GLOBAL,DEFAULT,129,msdc_pio_write_word
,1200933c,36,FUNC,GLOBAL,DEFAULT,130,msdc_pio_write
,12009360,20,FUNC,GLOBAL,DEFAULT,131,msdc_config_clksrc
,12009374,364,FUNC,GLOBAL,DEFAULT,132,msdc_config_clock
,120094e0,68,FUNC,GLOBAL,DEFAULT,133,msdc_config_bus
,12009524,136,FUNC,GLOBAL,DEFAULT,134,msdc_config_pin
,120095ac,4,FUNC,GLOBAL,DEFAULT,135,msdc_clock
,120095b0,60,FUNC,GLOBAL,DEFAULT,136,msdc_host_power
,120095ec,4,FUNC,GLOBAL,DEFAULT,137,msdc_card_power
,120095f0,72,FUNC,GLOBAL,DEFAULT,138,msdc_power
,12009638,12,FUNC,GLOBAL,DEFAULT,139,msdc_reset_tune_counter
,12009644,892,FUNC,GLOBAL,DEFAULT,140,msdc_tune_cmdrsp
,120099c0,116,FUNC,GLOBAL,DEFAULT,141,msdc_cmd
,12009a34,312,FUNC,GLOBAL,DEFAULT,142,msdc_abort_handler
,12009b6c,372,FUNC,GLOBAL,DEFAULT,143,msdc_pio_bwrite
,12009ce0,392,FUNC,GLOBAL,DEFAULT,144,msdc_pio_bread
,12009e68,232,FUNC,GLOBAL,DEFAULT,145,msdc_pio_send_sandisk_fwi
,12009f50,252,FUNC,GLOBAL,DEFAULT,146,msdc_pio_get_sandisk_fwid
,1200a04c,1248,FUNC,GLOBAL,DEFAULT,147,msdc_tune_bread
,1200a52c,804,FUNC,GLOBAL,DEFAULT,148,msdc_tune_read
,1200a850,1160,FUNC,GLOBAL,DEFAULT,149,msdc_init
,1200acd8,84,FUNC,GLOBAL,DEFAULT,150,msdc_uffs
,1200ad2c,44,FUNC,GLOBAL,DEFAULT,151,msdc_set_field
,1200ad58,40,FUNC,GLOBAL,DEFAULT,152,msdc_get_field
,1200ad80,364,FUNC,LOCAL,DEFAULT,153,mt_get_mdl_number
,1200aeec,84,FUNC,GLOBAL,DEFAULT,154,mt_get_dram_type
,1200af40,92,FUNC,GLOBAL,DEFAULT,155,get_dram_rank_nr
,1200af9c,132,FUNC,GLOBAL,DEFAULT,156,get_dram_rank_size
,1200b020,2980,FUNC,GLOBAL,DEFAULT,157,mt_set_emi
,1200bbc4,8,FUNC,GLOBAL,DEFAULT,158,i2c_v1_set_speed
,1200bbcc,8,FUNC,GLOBAL,DEFAULT,159,i2c_v1_init
,1200bbd4,8,FUNC,GLOBAL,DEFAULT,160,i2c_v1_read
,1200bbdc,8,FUNC,GLOBAL,DEFAULT,161,i2c_v1_write
,1200bbe4,44,FUNC,GLOBAL,DEFAULT,162,mtk_kpd_gpios_get
,1200bc10,168,FUNC,GLOBAL,DEFAULT,163,mtk_kpd_gpio_set
,1200bcb8,172,FUNC,GLOBAL,DEFAULT,164,set_kpd_pmic_mode
,1200bd64,52,FUNC,GLOBAL,DEFAULT,165,enable_PMIC_kpd_clock
,1200bd98,152,FUNC,GLOBAL,DEFAULT,166,mtk_detect_key
,1200be30,76,FUNC,GLOBAL,DEFAULT,167,mtk_detect_dl_keys
,1200be7c,884,FUNC,GLOBAL,DEFAULT,168,mt_mempll_init
,1200c1f0,520,FUNC,GLOBAL,DEFAULT,169,mt_mempll_cali
,1200c3f8,44,FUNC,GLOBAL,DEFAULT,170,mt_pll_post_init
,1200c424,524,FUNC,GLOBAL,DEFAULT,171,mt_pll_init
,1200c630,64,FUNC,GLOBAL,DEFAULT,172,pmic_read_interface
,1200c670,80,FUNC,GLOBAL,DEFAULT,173,pmic_config_interface
,1200c6c0,1004,FUNC,GLOBAL,DEFAULT,174,hw_charger_type_detection
,1200caac,100,FUNC,GLOBAL,DEFAULT,175,mt_charger_type_detection
,1200cb10,56,FUNC,GLOBAL,DEFAULT,176,pmic_IsUsbCableIn
,1200cb48,92,FUNC,GLOBAL,DEFAULT,177,pmic_detect_powerkey
,1200cba4,912,FUNC,GLOBAL,DEFAULT,178,hw_set_cc
,1200cf34,48,FUNC,GLOBAL,DEFAULT,179,pl_hw_ulc_det
,1200cf64,388,FUNC,GLOBAL,DEFAULT,180,hw_check_battery
,1200d0e8,228,FUNC,GLOBAL,DEFAULT,181,pl_charging
,1200d1cc,88,FUNC,GLOBAL,DEFAULT,182,pl_kick_chr_wdt
,1200d224,44,FUNC,GLOBAL,DEFAULT,183,pl_close_pre_chr_led
,1200d250,772,FUNC,GLOBAL,DEFAULT,184,pmic_efuse_trimming
,1200d554,188,FUNC,GLOBAL,DEFAULT,185,pmic_vm_tunning
,1200d610,136,FUNC,GLOBAL,DEFAULT,186,pmic6320_init
,1200d698,176,FUNC,LOCAL,DEFAULT,187,get_timer_masked
,1200d748,16,FUNC,GLOBAL,DEFAULT,188,gpt4_get_current_tick
,1200d758,48,FUNC,GLOBAL,DEFAULT,189,gpt4_timeout_tick
,1200d788,28,FUNC,GLOBAL,DEFAULT,190,gpt4_time2tick_us
,1200d7a4,44,FUNC,GLOBAL,DEFAULT,191,gpt_busy_wait_us
,1200d7d0,92,FUNC,GLOBAL,DEFAULT,192,gpt_busy_wait_ms
,1200d82c,32,FUNC,GLOBAL,DEFAULT,193,get_timer
,1200d84c,40,FUNC,GLOBAL,DEFAULT,194,mdelay
,1200d874,148,FUNC,GLOBAL,DEFAULT,195,udelay
,1200d908,116,FUNC,GLOBAL,DEFAULT,196,mtk_timer_init
,1200d97c,72,FUNC,LOCAL,DEFAULT,197,mtk_wdt_mode_config.const
,1200d9c4,16,FUNC,GLOBAL,DEFAULT,198,mtk_wdt_restart
,1200d9d4,124,FUNC,GLOBAL,DEFAULT,199,mtk_wdt_boot_check
,1200da50,744,FUNC,GLOBAL,DEFAULT,200,mtk_wdt_init
,1200dd38,84,FUNC,GLOBAL,DEFAULT,201,mtk_arch_reset
,1200dd8c,1600,FUNC,GLOBAL,DEFAULT,202,complex_mem_test
,1200e3cc,124,FUNC,GLOBAL,DEFAULT,203,mt_mem_init
,1200e448,16,FUNC,LOCAL,DEFAULT,204,wait_for_fsm_vldclr
,1200e458,16,FUNC,LOCAL,DEFAULT,205,wait_for_sync
,1200e468,32,FUNC,LOCAL,DEFAULT,206,wait_for_idle_and_sync
,1200e488,12,FUNC,LOCAL,DEFAULT,207,wait_for_cipher_ready
,1200e494,120,FUNC,LOCAL,DEFAULT,208,wait_for_state_ready_init
,1200e50c,140,FUNC,GLOBAL,DEFAULT,209,pwrap_dump_ap_register
,1200e598,512,FUNC,LOCAL,DEFAULT,210,_pwrap_wacs2_nochk
,1200e798,24,FUNC,LOCAL,DEFAULT,211,pwrap_read_nochk
,1200e7b0,24,FUNC,LOCAL,DEFAULT,212,pwrap_write_nochk
,1200e7c8,2312,FUNC,GLOBAL,DEFAULT,213,pwrap_init
,1200f0d0,628,FUNC,GLOBAL,DEFAULT,214,pwrap_wacs2
,1200f344,24,FUNC,GLOBAL,DEFAULT,215,pwrap_write
,1200f35c,24,FUNC,GLOBAL,DEFAULT,216,pwrap_read
,1200f374,104,FUNC,GLOBAL,DEFAULT,217,pwrap_init_preloader
,1200f3dc,164,FUNC,LOCAL,DEFAULT,218,rtc_mktime
,1200f480,4,FUNC,LOCAL,DEFAULT,219,RTC_Write
,1200f484,28,FUNC,LOCAL,DEFAULT,220,RTC_Read
,1200f4a0,36,FUNC,LOCAL,DEFAULT,221,Write_trigger
,1200f4c4,140,FUNC,LOCAL,DEFAULT,222,rtc_xosc_write
,1200f550,160,FUNC,LOCAL,DEFAULT,223,get_frequency_meter
,1200f5f0,204,FUNC,LOCAL,DEFAULT,224,eosc_cali
,1200f6bc,40,FUNC,GLOBAL,DEFAULT,225,rtc_bbpu_power_on
,1200f6e4,40,FUNC,GLOBAL,DEFAULT,226,rtc_mark_bypass_pwrkey
,1200f70c,2328,FUNC,GLOBAL,DEFAULT,227,rtc_boot_check
,12010024,72,FUNC,GLOBAL,DEFAULT,228,pl_power_off
,1201006c,232,FUNC,LOCAL,DEFAULT,229,mt_read_fifo
,12010154,96,FUNC,LOCAL,DEFAULT,230,mt_find_ep
,120101b4,96,FUNC,LOCAL,DEFAULT,231,mt_udc_flush_fifo
,12010214,204,FUNC,LOCAL,DEFAULT,232,mt_write_fifo
,120102e0,124,FUNC,LOCAL,DEFAULT,233,mt_udc_ep0_write
,1201035c,172,FUNC,LOCAL,DEFAULT,234,mt_udc_epx_handler
,12010408,236,FUNC,LOCAL,DEFAULT,235,mt_udc_reset
,120104f4,80,FUNC,LOCAL,DEFAULT,236,copy_desc
,12010544,2016,FUNC,GLOBAL,DEFAULT,237,mt_udc_irq
,12010d24,84,FUNC,GLOBAL,DEFAULT,238,mt_ep_write
,12010d78,48,FUNC,GLOBAL,DEFAULT,239,mt_ep_busy
,12010da8,536,FUNC,GLOBAL,DEFAULT,240,mt_setup_ep
,12010fc0,24,FUNC,GLOBAL,DEFAULT,241,mt_usb_connect_internal
,12010fd8,24,FUNC,GLOBAL,DEFAULT,242,mt_usb_disconnect_interna
,12010ff0,88,FUNC,GLOBAL,DEFAULT,243,udc_enable
,12011048,16,FUNC,GLOBAL,DEFAULT,244,usb_service_offline
,12011058,500,FUNC,GLOBAL,DEFAULT,245,mt_usb_phy_calibraion
,1201124c,64,FUNC,GLOBAL,DEFAULT,246,mt_usb_phy_poweron
,1201128c,196,FUNC,GLOBAL,DEFAULT,247,mt_usb_phy_savecurrent
,12011350,124,FUNC,GLOBAL,DEFAULT,248,mt_usb_phy_recover
,120113cc,164,FUNC,GLOBAL,DEFAULT,249,mt_usb_calibraion
,12011470,232,FUNC,GLOBAL,DEFAULT,250,mt_usb11_phy_savecurrent
,12011558,60,FUNC,LOCAL,DEFAULT,251,str2wide
,12011594,76,FUNC,LOCAL,DEFAULT,252,ep_to_buf.constprop.0
,120115e0,120,FUNC,GLOBAL,DEFAULT,253,usb_alloc_urb
,12011658,1108,FUNC,GLOBAL,DEFAULT,254,usbdl_init
,12011aac,20,FUNC,GLOBAL,DEFAULT,255,tool_is_present
,12011ac0,20,FUNC,GLOBAL,DEFAULT,256,tool_state_update
,12011ad4,20,FUNC,GLOBAL,DEFAULT,257,usbdl_configured
,12011ae8,188,FUNC,GLOBAL,DEFAULT,258,enable_highspeed
,12011ba4,108,FUNC,GLOBAL,DEFAULT,259,config_usbtty
,12011c10,124,FUNC,GLOBAL,DEFAULT,260,service_interrupts
,12011c8c,212,FUNC,GLOBAL,DEFAULT,261,usbdl_poll
,12011d60,120,FUNC,GLOBAL,DEFAULT,262,usbdl_flush
,12011dd8,4,FUNC,GLOBAL,DEFAULT,263,mt_usbtty_flush
,12011ddc,128,FUNC,GLOBAL,DEFAULT,264,mt_usbtty_getcn
,12011e5c,164,FUNC,GLOBAL,DEFAULT,265,mt_usbtty_putcn
,12011f00,120,FUNC,GLOBAL,DEFAULT,266,mt_usbtty_puts
,12011f78,60,FUNC,GLOBAL,DEFAULT,267,mt_usbtty_query_data_size
,12011fb4,188,FUNC,GLOBAL,DEFAULT,268,get_part_tab_from_complie
,12012070,192,FUNC,GLOBAL,DEFAULT,269,pmt_get_part
,12012130,1792,FUNC,GLOBAL,DEFAULT,270,load_exist_part_tab
,12012830,1288,FUNC,GLOBAL,DEFAULT,271,pmt_init
,12012d38,204,FUNC,GLOBAL,DEFAULT,272,part_init
,12012e04,96,FUNC,GLOBAL,DEFAULT,273,part_get
,12012e64,564,FUNC,GLOBAL,DEFAULT,274,part_load
,12013098,172,FUNC,GLOBAL,DEFAULT,275,part_dump
,12013144,4,FUNC,GLOBAL,DEFAULT,276,platform_set_chrg_cur
,12013148,44,FUNC,GLOBAL,DEFAULT,277,usb_accessory_in
,12013174,128,FUNC,GLOBAL,DEFAULT,278,usb_cable_in
,120131f4,60,FUNC,GLOBAL,DEFAULT,279,platform_vusb_on
,12013230,360,FUNC,GLOBAL,DEFAULT,280,platform_set_boot_args
,12013398,16,FUNC,GLOBAL,DEFAULT,281,platform_wdt_all_kick
,120133a8,4,FUNC,GLOBAL,DEFAULT,282,platform_wdt_kick
,120133ac,72,FUNC,GLOBAL,DEFAULT,283,platform_safe_mode
,120133f4,80,FUNC,GLOBAL,DEFAULT,284,platform_emergency_downlo
,12013444,48,FUNC,GLOBAL,DEFAULT,285,platform_get_mcp_id
,12013474,8,FUNC,GLOBAL,DEFAULT,286,platform_chip_ver
,1201347c,8,FUNC,GLOBAL,DEFAULT,287,platform_com_wait_forever
,12013484,372,FUNC,GLOBAL,DEFAULT,288,platform_pre_init
,120135f8,536,FUNC,GLOBAL,DEFAULT,289,platform_init
,12013810,284,FUNC,GLOBAL,DEFAULT,290,platform_post_init
,1201392c,72,FUNC,GLOBAL,DEFAULT,291,platform_error_handler
,12013974,48,FUNC,GLOBAL,DEFAULT,292,platform_assert
,120139a4,52,FUNC,LOCAL,DEFAULT,293,outchar
,120139d8,80,FUNC,LOCAL,DEFAULT,294,outhex
,12013a28,60,FUNC,LOCAL,DEFAULT,295,outdec
,12013a64,100,FUNC,GLOBAL,DEFAULT,296,log_ctrl
,12013ac8,24,FUNC,GLOBAL,DEFAULT,297,log_status
,12013ae0,512,FUNC,GLOBAL,DEFAULT,298,vprint
,12013ce0,36,FUNC,GLOBAL,DEFAULT,299,print
,12013d04,28,FUNC,GLOBAL,DEFAULT,300,dbg_print
,12013d20,100,FUNC,GLOBAL,DEFAULT,301,sec_auth
,12013d84,4,FUNC,GLOBAL,DEFAULT,302,sec_hash
,12013d88,56,FUNC,GLOBAL,DEFAULT,303,da_auth_init
,12013dc0,56,FUNC,GLOBAL,DEFAULT,304,img_auth_init
,12013df8,72,FUNC,GLOBAL,DEFAULT,305,sec_boot_img_check
,12013e40,368,FUNC,GLOBAL,DEFAULT,306,sec_boot_check
,12013fb0,4,FUNC,GLOBAL,DEFAULT,307,sec_ctrl_init
,12013fb4,4,FUNC,GLOBAL,DEFAULT,308,sec_flashtool_cfg_init
,12013fb8,164,FUNC,GLOBAL,DEFAULT,309,sec_key_init
,1201405c,244,FUNC,GLOBAL,DEFAULT,310,sec_cfg_load
,12014150,220,FUNC,GLOBAL,DEFAULT,311,sec_cfg_save
,1201422c,416,FUNC,GLOBAL,DEFAULT,312,sec_lib_init
,120143cc,128,FUNC,GLOBAL,DEFAULT,313,is_BR_cmd_disabled
,1201444c,276,FUNC,GLOBAL,DEFAULT,314,sec_region_check
,12014560,84,FUNC,GLOBAL,DEFAULT,315,sec_rom_info_init
,120145b4,104,FUNC,GLOBAL,DEFAULT,316,factory_mode_valid
,1201461c,332,FUNC,GLOBAL,DEFAULT,317,sec_lib_read_secro
,12014768,600,FUNC,GLOBAL,DEFAULT,318,sec2plname
,120149c0,12,FUNC,GLOBAL,DEFAULT,319,sec_util_get_secro_buf
,120149cc,12,FUNC,GLOBAL,DEFAULT,320,sec_util_get_img_buf
,120149d8,12,FUNC,GLOBAL,DEFAULT,321,sec_util_get_chunk_buf
,120149e4,12,FUNC,GLOBAL,DEFAULT,322,sec_util_get_working_buf
,120149f0,360,FUNC,GLOBAL,DEFAULT,323,sec_util_read_image
,12014b58,8,FUNC,GLOBAL,DEFAULT,324,sec_util_brom_download_re
,12014b60,40,FUNC,GLOBAL,DEFAULT,325,strchr
,12014b88,136,FUNC,GLOBAL,DEFAULT,326,atoi
,12014c10,32,FUNC,GLOBAL,DEFAULT,327,strlen
,12014c30,40,FUNC,GLOBAL,DEFAULT,328,strcmp
,12014c58,68,FUNC,GLOBAL,DEFAULT,329,strncmp
,12014c9c,24,FUNC,GLOBAL,DEFAULT,330,memset
,12014cb4,32,FUNC,GLOBAL,DEFAULT,331,memcpy
,12014cd4,44,FUNC,GLOBAL,DEFAULT,332,memcmp
,12014d00,168,FUNC,GLOBAL,DEFAULT,333,serial_setbrg
,12014da8,100,FUNC,GLOBAL,DEFAULT,334,mtk_serial_set_current_ua
,12014e0c,196,FUNC,GLOBAL,DEFAULT,335,mtk_uart_init
,12014ed0,64,FUNC,GLOBAL,DEFAULT,336,PutUARTByte
,12014f10,132,FUNC,GLOBAL,DEFAULT,337,GetUARTBytes
,12014f94,32,FUNC,GLOBAL,DEFAULT,338,seclib_sej_init
,12014fb4,132,FUNC,GLOBAL,DEFAULT,339,seclib_cust_init
,12015038,4,FUNC,GLOBAL,DEFAULT,340,seclib_check
,1201503c,720,FUNC,GLOBAL,DEFAULT,341,seclib_init
,1201530c,232,FUNC,GLOBAL,DEFAULT,342,seclib_sec_boot_enabled
,120153f4,740,FUNC,GLOBAL,DEFAULT,343,seclib_image_check
,120156d8,140,FUNC,GLOBAL,DEFAULT,344,seclib_sec_usbdl_enabled
,12015764,100,FUNC,GLOBAL,DEFAULT,345,seclib_image_hash_compute
,120157c8,156,FUNC,LOCAL,DEFAULT,346,seclib_image_allocate_mem
,12015864,192,FUNC,LOCAL,DEFAULT,347,seclib_image_fread
,12015924,304,FUNC,GLOBAL,DEFAULT,348,seclib_image_hash_only
,12015a54,368,FUNC,GLOBAL,DEFAULT,349,seclib_image_search_exten
,12015bc4,1688,FUNC,GLOBAL,DEFAULT,350,seclib_image_verify
,1201625c,108,FUNC,GLOBAL,DEFAULT,351,seclib_read_sbc_key
,120162c8,116,FUNC,GLOBAL,DEFAULT,352,seclib_read_sec_cmd_cfg
,1201633c,264,FUNC,GLOBAL,DEFAULT,353,seclib_secroimg_read
,12016444,116,FUNC,GLOBAL,DEFAULT,354,sp_read_swotp
,120164b8,168,FUNC,GLOBAL,DEFAULT,355,sp_sej_enc
,12016560,196,FUNC,GLOBAL,DEFAULT,356,sp_sej_dec
,12016624,124,FUNC,GLOBAL,DEFAULT,357,sp_sej_init
,120166a0,4,FUNC,GLOBAL,DEFAULT,358,sp_check_platform
,120166a4,104,FUNC,GLOBAL,DEFAULT,359,seclib_image_hash_dump
,1201670c,8,FUNC,GLOBAL,DEFAULT,360,get_sec_cfg_cnt_size
,12016714,8,FUNC,GLOBAL,DEFAULT,361,get_seccfg_cipher_len
,1201671c,8,FUNC,GLOBAL,DEFAULT,362,seclib_mtk_rsa_n_key_len
,12016724,8,FUNC,GLOBAL,DEFAULT,363,seclib_mtk_rsa_e_key_len
,1201672c,240,FUNC,GLOBAL,DEFAULT,364,seclib_rsa_init
,1201681c,232,FUNC,GLOBAL,DEFAULT,365,seclib_rsa_verify
,12016904,500,FUNC,GLOBAL,DEFAULT,366,bgn_read_str
,12016af8,160,FUNC,GLOBAL,DEFAULT,367,bgn_read_bin
,12016b98,120,FUNC,GLOBAL,DEFAULT,368,bgn_write_bin
,12016c10,136,FUNC,GLOBAL,DEFAULT,369,bgn_grow
,12016c98,148,FUNC,GLOBAL,DEFAULT,370,bgn_copy
,12016d2c,88,FUNC,GLOBAL,DEFAULT,371,bgn_lset
,12016d84,100,FUNC,GLOBAL,DEFAULT,372,bgn_msb
,12016de8,20,FUNC,GLOBAL,DEFAULT,373,bgn_size
,12016dfc,264,FUNC,GLOBAL,DEFAULT,374,bgn_shift_l
,12016f04,212,FUNC,GLOBAL,DEFAULT,375,bgn_shift_r
,12016fd8,208,FUNC,GLOBAL,DEFAULT,376,bgn_cmp_abs
,120170a8,256,FUNC,GLOBAL,DEFAULT,377,bgn_cmp_num
,120171a8,64,FUNC,GLOBAL,DEFAULT,378,bgn_cmp_int
,120171e8,320,FUNC,GLOBAL,DEFAULT,379,bgn_add_abs
,12017328,128,FUNC,GLOBAL,DEFAULT,380,bgn_sub_hlp
,120173a8,208,FUNC,GLOBAL,DEFAULT,381,bgn_sub_abs
,12017478,128,FUNC,GLOBAL,DEFAULT,382,bgn_add_bgn
,120174f8,132,FUNC,GLOBAL,DEFAULT,383,bgn_sub_bgn
,1201757c,64,FUNC,GLOBAL,DEFAULT,384,bgn_add_int
,120175bc,64,FUNC,GLOBAL,DEFAULT,385,bgn_sub_int
,120175fc,2564,FUNC,GLOBAL,DEFAULT,386,bgn_mul_hlp
,12018000,340,FUNC,GLOBAL,DEFAULT,387,bgn_mul_bgn
,12018154,44,FUNC,GLOBAL,DEFAULT,388,bgn_mul_int
,12018180,1488,FUNC,GLOBAL,DEFAULT,389,bgn_div_bgn
,12018750,180,FUNC,GLOBAL,DEFAULT,390,bgn_mod_bgn
,12018804,176,FUNC,GLOBAL,DEFAULT,391,rsa_pub
,120188b4,204,FUNC,GLOBAL,DEFAULT,392,rsa_verify
,12018980,36,FUNC,GLOBAL,DEFAULT,393,get_ul
,120189a4,32,FUNC,GLOBAL,DEFAULT,394,set_ul
,120189c4,176,FUNC,GLOBAL,DEFAULT,395,cal_P
,12018a74,1088,FUNC,LOCAL,DEFAULT,396,hash_process
,12018eb4,76,FUNC,GLOBAL,DEFAULT,397,hash_starts
,12018f00,188,FUNC,GLOBAL,DEFAULT,398,hash_update
,12018fbc,152,FUNC,GLOBAL,DEFAULT,399,hash_finish
,12019054,80,FUNC,GLOBAL,DEFAULT,400,sha1
,120190a4,188,FUNC,GLOBAL,DEFAULT,401,malloc
,12019160,4,FUNC,GLOBAL,DEFAULT,402,free
,12019164,24,FUNC,GLOBAL,DEFAULT,403,bgn_init
,1201917c,68,FUNC,GLOBAL,DEFAULT,404,bgn_free
,120191c0,1024,FUNC,GLOBAL,DEFAULT,405,bgn_exp_mod
,120195c0,64,FUNC,GLOBAL,DEFAULT,406,montg_init
,12019600,320,FUNC,GLOBAL,DEFAULT,407,montg_mul
,12019740,64,FUNC,GLOBAL,DEFAULT,408,montg_red
,12019780,96,FUNC,GLOBAL,DEFAULT,409,seclib_sbc_enabled
,120197e0,96,FUNC,GLOBAL,DEFAULT,410,seclib_daa_enabled
,12019840,96,FUNC,GLOBAL,DEFAULT,411,seclib_sla_enabled
,120198a0,20,FUNC,GLOBAL,DEFAULT,412,seclib_3g_disable
,120198b4,16,FUNC,GLOBAL,DEFAULT,413,seclib_brom_meta_mode
,120198c4,88,FUNC,GLOBAL,DEFAULT,414,seclib_region_check
,1201991c,268,FUNC,GLOBAL,DEFAULT,415,SEJ_V3_Init
,12019a28,132,FUNC,GLOBAL,DEFAULT,416,SEJ_V3_Run
,12019aac,56,FUNC,GLOBAL,DEFAULT,417,SEJ_V3_Terminate
,12019ae4,8,FUNC,GLOBAL,DEFAULT,418,sej_set_clk
,12019aec,36,FUNC,GLOBAL,DEFAULT,419,sej_set_iv
,12019b10,108,FUNC,GLOBAL,DEFAULT,420,sej_set_mode
,12019b7c,268,FUNC,GLOBAL,DEFAULT,421,sej_set_key
,12019c88,268,FUNC,GLOBAL,DEFAULT,422,sej_do_aes
,12019d94,28,FUNC,GLOBAL,DEFAULT,423,sej_deinit
,12019db0,288,FUNC,GLOBAL,DEFAULT,424,sej_init
,1201d6cb,16,OBJECT,LOCAL,DEFAULT,427,tran_mant
,1201d6dc,32,OBJECT,LOCAL,DEFAULT,428,tran_exp
,1201d6fc,28,OBJECT,LOCAL,DEFAULT,429,g_mmcTable
,1201d718,36,OBJECT,LOCAL,DEFAULT,430,msdc_rsp
,1201d73c,21,OBJECT,LOCAL,DEFAULT,431,__FUNCTION__.1260
,1201d751,11,OBJECT,LOCAL,DEFAULT,432,__FUNCTION__.1240
,1201d75c,18,OBJECT,LOCAL,DEFAULT,433,__func__.1391
,1201d76e,22,OBJECT,LOCAL,DEFAULT,434,__func__.1404
,1201d784,24,OBJECT,LOCAL,DEFAULT,435,__func__.1362
,1201d79c,20,OBJECT,LOCAL,DEFAULT,436,__func__.1385
,1201d7b0,4,OBJECT,GLOBAL,DEFAULT,437,sys_stack_sz
,1201d7b4,11,OBJECT,LOCAL,DEFAULT,438,digits.1220
,1201d7bf,64,OBJECT,LOCAL,DEFAULT,439,padding
,1201d800,48,OBJECT,LOCAL,DEFAULT,440,g_AC_FIXED_PATTERN
,1201d878,16,OBJECT,GLOBAL,DEFAULT,442,msdc_cap
,1201d888,4,OBJECT,GLOBAL,DEFAULT,443,num_of_emi_records
,1201d88c,184,OBJECT,GLOBAL,DEFAULT,444,emi_settings
,1201d948,960,OBJECT,LOCAL,DEFAULT,445,platform_parts
,1201dd08,4,OBJECT,GLOBAL,DEFAULT,446,opt_dle_value
,1201dd0c,28,OBJECT,GLOBAL,DEFAULT,447,dle_tbl
,1201dd28,16,OBJECT,GLOBAL,DEFAULT,448,dle_test_cases
,1201dd38,20,OBJECT,GLOBAL,DEFAULT,449,dle_tuning_factors
,1201dd4c,68,OBJECT,GLOBAL,DEFAULT,450,dqsi_gw_dly_fine_tbl
,1201dd90,28,OBJECT,GLOBAL,DEFAULT,451,dqsi_gw_dly_coarse_tbl
,1201ddac,16,OBJECT,GLOBAL,DEFAULT,452,dqs_gw_test_cases_1
,1201ddbc,40,OBJECT,GLOBAL,DEFAULT,453,dqs_gw_tuning_factors
,1201dde4,4,OBJECT,LOCAL,DEFAULT,454,gpio1_dat
,1201dde8,4,OBJECT,LOCAL,DEFAULT,455,gpioext_dat
,1201ddec,4,OBJECT,LOCAL,DEFAULT,456,gpio_dat
,1201ddf0,4,OBJECT,LOCAL,DEFAULT,457,mdl_number.1343
,1201ddf4,4,OBJECT,GLOBAL,DEFAULT,458,mempll3_m4pdiv_1_0
,1201ddf8,4,OBJECT,GLOBAL,DEFAULT,459,pllc1_dmss_pcw_ncpo_30_24
,1201ddfc,4,OBJECT,GLOBAL,DEFAULT,460,mempll3_fb_mck_sel
,1201de00,4,OBJECT,GLOBAL,DEFAULT,461,mempll2_m4pdiv_1_0
,1201de04,4,OBJECT,GLOBAL,DEFAULT,462,mempll4_fb_mck_sel
,1201de08,4,OBJECT,GLOBAL,DEFAULT,463,mempll2_fb_mck_sel
,1201de0c,4,OBJECT,GLOBAL,DEFAULT,464,pllc1_dmss_pcw_ncpo_23_0_
,1201de10,4,OBJECT,GLOBAL,DEFAULT,465,mempll4_m4pdiv_1_0
,1201de14,4,OBJECT,GLOBAL,DEFAULT,466,mempll2_fbdiv_6_0
,1201de18,4,OBJECT,GLOBAL,DEFAULT,467,pllc1_blp
,1201de1c,4,OBJECT,GLOBAL,DEFAULT,468,mempll3_fbdiv_6_0
,1201de20,4,OBJECT,GLOBAL,DEFAULT,469,mempll4_fbdiv_6_0
,1201de24,7,OBJECT,LOCAL,DEFAULT,470,g_line_coding
,1201de2c,4,OBJECT,GLOBAL,DEFAULT,471,fifo_addr
,1201de30,8,OBJECT,LOCAL,DEFAULT,472,fs_data_ep_descriptor_ptr
,1201de38,24,OBJECT,LOCAL,DEFAULT,473,usbtty_string_table
,1201de50,5,OBJECT,LOCAL,DEFAULT,474,header_function_descripto
,1201de58,4,OBJECT,LOCAL,DEFAULT,475,fs_comm_ep_descriptor_ptr
,1201de5c,4,OBJECT,LOCAL,DEFAULT,476,hs_comm_ep_descriptor_ptr
,1201de60,5,OBJECT,GLOBAL,DEFAULT,477,call_management_descripto
,1201de65,9,OBJECT,LOCAL,DEFAULT,478,device_qualifier_descript
,1201de70,8,OBJECT,LOCAL,DEFAULT,479,hs_data_ep_descriptor_ptr
,1201de78,4,OBJECT,LOCAL,DEFAULT,480,language
,1201de7c,21,OBJECT,LOCAL,DEFAULT,481,hs_ep_descriptors
,1201de91,18,OBJECT,LOCAL,DEFAULT,482,device_descriptor
,1201dea3,4,OBJECT,LOCAL,DEFAULT,483,abstract_control_descript
,1201dea7,21,OBJECT,LOCAL,DEFAULT,484,fs_ep_descriptors
,1201debc,18,OBJECT,LOCAL,DEFAULT,485,interface_descriptors
,1201dece,9,OBJECT,LOCAL,DEFAULT,486,config_descriptors
,1201ded7,5,OBJECT,GLOBAL,DEFAULT,487,union_function_descriptor
,1201dedc,4,OBJECT,LOCAL,DEFAULT,488,PAGE_SIZE
,1201dee0,4,OBJECT,LOCAL,DEFAULT,489,log_ptr
,1201dee4,4,OBJECT,GLOBAL,DEFAULT,490,g_uart
,1201dee8,16,OBJECT,GLOBAL,DEFAULT,491,sec_crypto_sig_size
,1201def8,20,OBJECT,GLOBAL,DEFAULT,492,sec_crypto_hash_size
,1201df0c,4,OBJECT,GLOBAL,DEFAULT,493,heap_max_size
